Professor,Overall Rating,Difficulty,Workload,Study Hours,Credits Taken,Stress Level,Office Hours Attended,Extracurricular Hours,review,Grade
Ross,4.2,2.8,3.5,7,15,3,4,6,"Dr. Ross grades harshly, but his extensive comments help you understand where to improve.",A
Ross,4.1,2.6,3.6,8,14,2,3,8,"The class involves a lot of group work, which can be challenging but prepares you for real-world collaboration.",A-
Ross,4.3,3.1,3.4,6,16,4,5,5,"His lectures are very clear and well-organized, making even difficult concepts accessible.",A
Ross,3.8,2.3,3.7,9,13,1,2,9,Class participation is crucial; be ready to share your thoughts and engage in discussions.,B+
Ross,3.9,3.3,3.8,5,17,5,4,7,"It's evident that Dr. Ross is well-respected in the field, often sharing insights from his own research.",A-
Ross,3.6,2.9,3.9,10,12,3,1,10,"His exams are tough, but they accurately reflect the material covered in class.",B+
Ross,4.3,2.5,3.5,7,15,2,5,6,"You'll be working in groups frequently, so be prepared to coordinate with your classmates.",A
Ross,3.9,3.2,3.6,8,14,4,3,8,He has a knack for explaining complex ideas in simple terms during his lectures.,A-
Ross,4.3,2.2,3.4,6,16,1,4,7,"He often calls on students randomly, so make sure you're always prepared for class.",A
Ross,3.6,3.4,3.7,9,13,5,2,9,Many of his former students have gone on to prestigious graduate programs.,B+
Ross,4.2,2.8,3.5,7,15,3,4,6,Don't expect an easy A in this class; Dr. Ross maintains high standards.,A
Ross,4.1,2.6,3.6,8,14,2,3,8,"The group projects can be time-consuming, but they're great for learning teamwork.",A-
Ross,4.3,3.1,3.4,6,16,4,5,5,His lecture slides are well-organized and make for great study materials.,A
Ross,3.8,2.3,3.7,9,13,1,2,9,In-class discussions form a significant part of the learning experience in this course.,B+
Ross,3.9,3.3,3.8,5,17,5,4,7,Dr. Ross regularly publishes in top journals in the field.,A-
Ross,3.6,2.9,3.9,10,12,3,1,10,"His feedback on assignments is very detailed, helping you improve your work.",B+
Ross,4.3,2.5,3.5,7,15,2,5,6,Learning to work effectively in a team is a key component of this course.,A
Ross,3.9,3.2,3.6,8,14,4,3,8,He uses lots of real-world examples in his lectures to illustrate theoretical concepts.,A-
Ross,4.3,2.2,3.4,6,16,1,4,7,Come to class prepared to contribute to discussions and answer questions.,A
Ross,3.6,3.4,3.7,9,13,5,2,9,He's often invited as a keynote speaker at industry conferences.,B+
Ross,4.2,2.8,3.5,7,15,3,4,6,"The grading can be harsh, but it pushes you to produce high-quality work.",A
Ross,4.1,2.6,3.6,8,14,2,3,8,Expect to spend a lot of time coordinating with your group outside of class.,A-
Ross,4.3,3.1,3.4,6,16,4,5,5,His lectures are easy to follow and he's always willing to clarify difficult points.,A
Ross,3.8,2.3,3.7,9,13,1,2,9,He encourages students to debate and discuss ideas during class.,B+
Ross,3.9,3.3,3.8,5,17,5,4,7,Dr. Ross has strong connections in the industry and often brings in guest speakers.,A-
Ross,3.6,2.9,3.9,10,12,3,1,10,"While his grading is tough, it's always fair and consistent.",B+
Ross,4.3,2.5,3.5,7,15,2,5,6,The group assignments help you learn how to delegate tasks and work efficiently in a team.,A
Ross,3.9,3.2,3.6,8,14,4,3,8,"He provides comprehensive notes for each lecture, which are incredibly helpful.",A-
Ross,4.3,2.2,3.4,6,16,1,4,7,Be ready to share your opinions and engage with your classmates during discussions.,A
Ross,3.6,3.4,3.7,9,13,5,2,9,His research has been cited numerous times in important publications.,B+
Ross,4.2,2.8,3.5,7,15,3,4,6,"His standards are high, but meeting them prepares you well for future courses.",A
Ross,4.1,2.6,3.6,8,14,2,3,8,"The group work can be challenging, but it's excellent preparation for your career.",A-
Ross,4.3,3.1,3.4,6,16,4,5,5,He breaks down complex topics into manageable parts during his lectures.,A
Ross,3.8,2.3,3.7,9,13,1,2,9,Active participation can significantly boost your understanding of the material.,B+
Ross,3.9,3.3,3.8,5,17,5,4,7,Many of his ideas have been influential in shaping current thinking in the field.,A-
Ross,3.6,2.9,3.9,10,12,3,1,10,Expect detailed critiques on your work; he has very high expectations.,B+
Ross,4.3,2.5,3.5,7,15,2,5,6,You'll learn a lot about conflict resolution and compromise through the group work.,A
Ross,3.9,3.2,3.6,8,14,4,3,8,"His lectures are well-paced, allowing time for questions and clarifications.",A-
Ross,4.3,2.2,3.4,6,16,1,4,7,He creates an environment where all students feel comfortable sharing their thoughts.,A
Ross,3.6,3.4,3.7,9,13,5,2,9,Dr. Ross is frequently quoted as an expert in media coverage of the field.,B+
Ross,4.2,2.8,3.5,7,15,3,4,6,His tough grading ensures that you truly master the material.,A
Ross,4.1,2.6,3.6,8,14,2,3,8,The group projects often simulate real-world scenarios you might encounter in your career.,A-
Ross,4.3,3.1,3.4,6,16,4,5,5,He uses analogies effectively to explain difficult concepts in his lectures.,A
Ross,3.8,2.3,3.7,9,13,1,2,9,Participation in class discussions can really help clarify your understanding of the topics.,B+
Ross,3.9,3.3,3.8,5,17,5,4,7,"His textbook is widely used in other universities, showcasing his expertise.",A-
Ross,3.6,2.9,3.9,10,12,3,1,10,"While his grading is strict, the feedback helps you improve significantly.",B+
Ross,4.3,2.5,3.5,7,15,2,5,6,Balancing individual work with group assignments is a key challenge in this course.,A
Ross,3.9,3.2,3.6,8,14,4,3,8,His lectures are always well-prepared and informative.,A-
Ross,4.3,2.2,3.4,6,16,1,4,7,He often poses thought-provoking questions to stimulate class discussion.,A
Ross,3.6,3.4,3.7,9,13,5,2,9,Dr. Ross has received several awards for his contributions to the field.,B+
Tucker,4.2,3,3.7,8,14,3,4,7,"His textbook is widely used in other universities, showcasing his expertise.",A-
Tucker,4.1,2.7,3.8,7,15,2,3,9,"While his grading is strict, the feedback helps you improve significantly.",B+
Tucker,4.3,3.2,3.6,9,13,4,5,6,Balancing individual work with group assignments is a key challenge in this course.,A-
Tucker,3.8,2.4,3.9,6,16,1,2,10,His lectures are dense but informative; don't miss a single one.,B
Tucker,3.9,3.4,3.7,10,12,5,4,8,He often poses thought-provoking questions to stimulate class discussion.,B+
Tucker,3.6,3,4,5,17,3,1,11,Dr. Gonzales has received several awards for his contributions to the field.,B
Tucker,4.3,2.6,3.7,8,14,2,5,7,"The course is challenging, but you'll come out of it a much stronger student.",A-
Tucker,3.9,3.3,3.8,7,15,4,3,9,Working in groups teaches you valuable skills in leadership and collaboration.,B+
Tucker,4.3,2.3,3.6,9,13,1,4,8,Take thorough notes during lectures; you'll need them to keep up with the fast pace.,A-
Tucker,3.6,3.5,3.9,6,16,5,2,10,Don't be afraid to speak up in class; he values all contributions to the discussion.,B
Tucker,4.2,3,3.7,8,14,3,4,7,His innovative approaches to problems in the field have gained widespread recognition.,A-
Tucker,4.1,2.7,3.8,7,15,2,3,9,"His exams are tough, but they accurately reflect the material covered in class.",B+
Tucker,4.3,3.2,3.6,9,13,4,5,6,Expect to spend a lot of time coordinating with your group outside of class.,A-
Tucker,3.8,2.4,3.9,6,16,1,2,10,He packs a semester's worth of information into each lecture; stay focused!,B
Tucker,3.9,3.4,3.7,10,12,5,4,8,Class discussions are lively and contribute significantly to understanding the material.,B+
Tucker,3.6,3,4,5,17,3,1,11,He's often invited as a keynote speaker at industry conferences.,B
Tucker,4.3,2.6,3.7,8,14,2,5,7,Dr. Gonzales's grading pushes you to produce your absolute best work.,A-
Tucker,3.9,3.3,3.8,7,15,4,3,9,"The group work can be challenging, but it prepares you well for real-world teamwork.",B+
Tucker,4.3,2.3,3.6,9,13,1,4,8,His lectures are intense and fast-paced; come prepared and ready to learn.,A-
Tucker,3.6,3.5,3.9,6,16,5,2,10,He encourages students to debate and discuss ideas during class.,B
Tucker,4.2,3,3.7,8,14,3,4,7,Dr. Gonzales has strong connections in the industry and often brings in guest speakers.,A-
Tucker,4.1,2.7,3.8,7,15,2,3,9,"You'll need to work hard for a good grade, but the effort is worth it.",B+
Tucker,4.3,3.2,3.6,9,13,4,5,6,"Group projects form a significant part of the grade, so be prepared to collaborate often.",A-
Tucker,3.8,2.4,3.9,6,16,1,2,10,Each lecture is packed with information; good time management is crucial to keep up.,B
Tucker,3.9,3.4,3.7,10,12,5,4,8,Come to class prepared to contribute to discussions and answer questions.,B+
Tucker,3.6,3,4,5,17,3,1,11,His research is frequently featured in leading publications in the field.,B
Tucker,4.3,2.6,3.7,8,14,2,5,7,His high grading standards ensure you're well-prepared for higher-level courses.,A-
Tucker,3.9,3.3,3.8,7,15,4,3,9,The group assignments simulate real-world projects you might encounter in your career.,B+
Tucker,4.3,2.3,3.6,9,13,1,4,8,"He covers complex topics quickly, so don't hesitate to ask for clarification.",A-
Tucker,3.6,3.5,3.9,6,16,5,2,10,"Your participation grade is significant, so make sure to contribute regularly.",B
Tucker,3.7,3,3.7,8,14,3,4,7,Many of his former students have become leaders in the industry.,A-
Tucker,3.5,2.7,3.8,7,15,2,3,9,"Dr. Tucker's lectures are engaging and well-structured, making complex topics easy to grasp.",B+
Tucker,3.7,3.2,3.6,9,13,4,5,6,"His grading is fair and transparent, with clear expectations and helpful feedback.",A-
Tucker,3.3,2.4,3.9,6,16,1,2,10,"The class has a good balance of individual and group work, keeping things interesting throughout the semester.",B
Tucker,3.5,3.4,3.7,10,12,5,4,8,"While he encourages participation, Dr. Tucker creates a comfortable environment for sharing thoughts.",B+
Tucker,3.1,3,4,5,17,3,1,11,"Dr. Tucker is well-respected in his field, often bringing real-world examples from his research into class.",B
Tucker,3.7,2.6,3.7,8,14,2,5,7,His lectures are so engaging that the time seems to fly by.,A-
Tucker,3.5,3.3,3.8,7,15,4,3,9,"You always know what to expect with his grading, as he's very transparent about his criteria.",B+
Tucker,3.7,2.3,3.6,9,13,1,4,8,"Group projects are frequent but well-managed, providing valuable teamwork experience.",A-
Tucker,3.3,3.5,3.9,6,16,5,2,10,"He facilitates great class discussions, encouraging everyone to contribute their ideas.",B
Tucker,3.3,3,3.7,8,14,3,4,7,His research is frequently cited in important publications in the field.,A-
Tucker,3.1,2.7,3.8,7,15,2,3,9,He uses multimedia effectively in his lectures to illustrate complex concepts.,B+
Tucker,3.3,3.2,3.6,9,13,4,5,6,His feedback on assignments is always constructive and helps you improve.,A-
Tucker,2.9,2.4,3.9,6,16,1,2,10,The group work helps you develop important collaboration skills for your future career.,B
Tucker,3.1,3.4,3.7,10,12,5,4,8,Dr. Tucker creates an inclusive classroom environment where all voices are heard.,B+
Tucker,2.7,3,4,5,17,3,1,11,He has won several teaching awards for his innovative approach to education.,B
Tucker,3.3,2.6,3.7,8,14,2,5,7,His enthusiasm during lectures is contagious and makes you excited about the subject.,A-
Tucker,3.1,3.3,3.8,7,15,4,3,9,"He provides clear rubrics for all assignments, so you always know what's expected.",B+
Tucker,3.3,2.3,3.6,9,13,1,4,8,The balance of individual and group work allows for diverse learning experiences.,A-
Tucker,2.9,3.5,3.9,6,16,5,2,10,"Group projects form a significant part of the grade, so be prepared to collaborate often.",B
Gonzales,3.3,3.1,3.8,7,15,3,4,8,She often brings in real-world case studies to illustrate theoretical concepts in her lectures.,B+
Gonzales,3.1,2.8,3.9,8,14,2,3,10,Her feedback not only points out errors but also suggests ways to improve.,B
Gonzales,3.3,3.3,3.7,6,16,4,5,7,"If you struggle with group dynamics, you'll appreciate the focus on individual work.",B+
Gonzales,2.9,2.5,4,9,13,1,2,11,"Even in a large lecture hall, she manages to make the class feel engaging and personal.",B-
Gonzales,3.1,3.5,3.8,5,17,5,4,9,"She maintains strong connections with industry, which benefits students seeking internships or jobs.",B
Gonzales,2.7,3.1,4.1,10,12,3,1,12,"Her lectures are well-structured, with clear objectives for each session.",C+
Gonzales,3.3,2.7,3.8,7,15,2,5,8,She's always willing to explain her grading decisions if you have questions.,B+
Gonzales,3.1,3.4,3.9,8,14,4,3,10,The emphasis on individual work allows for more personalized learning.,B
Gonzales,3.3,2.4,3.7,6,16,1,4,9,She's skilled at breaking down complex processes into step-by-step explanations.,B+
Gonzales,2.9,3.6,4,9,13,5,2,11,Dr. Mclean's innovative teaching methods have been recognized with several awards.,B-
Gonzales,3.3,3.1,3.8,7,15,3,4,8,She often uses humor effectively to make her lectures more engaging and memorable.,B+
Gonzales,3.1,2.8,3.9,8,14,2,3,10,"Her grading is consistent across all students, which is much appreciated.",B
Gonzales,3.3,3.3,3.7,6,16,4,5,7,You'll have plenty of opportunities to demonstrate your individual understanding of the material.,B+
Gonzales,2.9,2.5,4,9,13,1,2,11,"She's always open to questions and provides clear, concise answers.",B-
Gonzales,3.1,3.5,3.8,5,17,5,4,9,Her contributions to the field have been recognized by several professional organizations.,B
Gonzales,2.7,3.1,4.1,10,12,3,1,12,"Dr. Gonzales is known for his tough grading, but it really pushes you to improve your work.",C+
Gonzales,3.3,2.7,3.8,7,15,2,5,8,Expect a lot of group work in this class; it can be challenging but it's great preparation for the real world.,B+
Gonzales,3.1,3.4,3.9,8,14,4,3,10,"His lectures are intense and packed with information, so come prepared and ready to take notes.",B
Gonzales,3.3,2.4,3.7,6,16,1,4,9,"Class participation is essential in Dr. Gonzales's class, so be ready to contribute to discussions.",B+
Gonzales,2.9,3.6,4,9,13,5,2,11,"It's clear that Dr. Gonzales is highly respected in the field, often incorporating cutting-edge research into lectures.",B-
Gonzales,3.3,3.1,3.8,7,15,3,4,8,"His standards are high, but meeting them prepares you well for future courses.",B+
Gonzales,3.1,2.8,3.9,8,14,2,3,10,The group projects often simulate real-world scenarios you might encounter in your career.,B
Gonzales,3.3,3.3,3.7,6,16,4,5,7,"He covers a lot of material in each lecture, so it's crucial to stay focused.",B+
Gonzales,2.9,2.5,4,9,13,1,2,11,"He often calls on students randomly, so always come to class prepared.",B-
Gonzales,3.1,3.5,3.8,5,17,5,4,9,Many of his former students have gone on to prestigious graduate programs.,B
Gonzales,2.7,3.1,4.1,10,12,3,1,12,Don't expect an easy A in this class; Dr. Gonzales maintains high standards.,C+
Gonzales,3.3,2.7,3.8,7,15,2,5,8,"You'll be working in groups frequently, so be prepared to coordinate with your classmates.",B+
Gonzales,3.1,3.4,3.9,8,14,4,3,10,His lectures are dense with information; good note-taking skills are essential.,B
Gonzales,3.3,2.4,3.7,6,16,1,4,9,In-class discussions form a significant part of the learning experience in this course.,B+
Gonzales,2.9,3.6,4,9,13,5,2,11,Dr. Gonzales regularly publishes in top journals in the field.,B-
Gonzales,3.3,3.1,3.8,7,15,3,4,8,"His feedback on assignments is very detailed, helping you improve your work.",B+
Gonzales,3.1,2.8,3.9,8,14,2,3,10,Learning to work effectively in a team is a key component of this course.,B
Gonzales,3.3,3.3,3.7,6,16,4,5,7,"He moves quickly through the material, so it's important to keep up with readings.",B+
Gonzales,2.9,2.5,4,9,13,1,2,11,Be ready to share your opinions and engage with your classmates during discussions.,B-
Gonzales,3.1,3.5,3.8,5,17,5,4,9,His research has been cited numerous times in important publications.,B
Gonzales,2.7,3.1,4.1,10,12,3,1,12,"While his grading is tough, it's always fair and consistent.",C+
Gonzales,3.3,2.7,3.8,7,15,2,5,8,The group assignments help you learn how to delegate tasks and work efficiently in a team.,B+
Gonzales,3.1,3.4,3.9,8,14,4,3,10,"His lectures are packed with information, so reviewing your notes after class is crucial.",B
Gonzales,3.3,2.4,3.7,6,16,1,4,9,Active participation can significantly boost your understanding of the material.,B+
Gonzales,2.9,3.6,4,9,13,5,2,11,Many of his ideas have been influential in shaping current thinking in the field.,B-
Gonzales,2.9,3.2,3.9,7,15,3,4,8,Expect detailed critiques on your work; he has very high expectations.,B+
Gonzales,2.7,2.9,4,8,14,2,3,10,You'll learn a lot about conflict resolution and compromise through the group work.,B
Gonzales,2.9,3.4,3.8,6,16,4,5,7,"He covers a vast amount of material in each lecture, so stay alert and focused.",B+
Gonzales,2.5,2.6,4.1,9,13,1,2,11,He creates an environment where all students feel comfortable sharing their thoughts.,B-
Gonzales,2.7,3.6,3.9,5,17,5,4,9,Dr. Gonzales is frequently quoted as an expert in media coverage of the field.,B
Gonzales,2.3,3.2,4.2,10,12,3,1,12,His tough grading ensures that you truly master the material.,C+
Gonzales,2.9,2.8,3.9,7,15,2,5,8,"The group projects can be time-consuming, but they're excellent preparation for your career.",B+
Gonzales,2.7,3.5,4,8,14,4,3,10,Come to lectures well-rested; you'll need to concentrate to keep up with the pace.,B
Gonzales,2.9,2.5,3.8,6,16,1,4,9,Participation in class discussions can really help clarify your understanding of the topics.,B+
Gonzales,2.5,3.7,4.1,9,13,5,2,11,He creates an environment where all students feel comfortable sharing their thoughts.,B-
Kim,2.9,3.2,3.9,6,16,3,4,9,"Dr. Kim's grading is tough, but her detailed feedback really helps you improve your work.",B-
Kim,2.7,2.9,4,7,15,2,3,11,"There's a lot of homework in this class, but it's all relevant and helps reinforce the concepts.",C+
Kim,2.9,3.4,3.8,5,17,4,5,8,"Her lectures are engaging and well-structured, making complex topics easy to understand.",B-
Kim,2.5,2.6,4.1,8,14,1,2,12,Be prepared for frequent group projects; they're challenging but great for building teamwork skills.,C
Kim,2.7,3.6,3.9,4,18,5,4,10,"Dr. Kim is clearly respected in her field, often bringing in cutting-edge research to class discussions.",C+
Kim,2.3,3.2,4.2,9,13,3,1,13,"The exams are challenging, but they accurately reflect what's covered in class.",C-
Kim,2.9,2.8,3.9,6,16,2,5,9,"You'll have assignments due almost every week, so good time management is crucial.",B-
Kim,2.7,3.5,4,7,15,4,3,11,"Her passion for the subject really comes through in her lectures, making the material more interesting.",C+
Kim,2.9,2.5,3.8,5,17,1,4,10,"The group work can be frustrating at times, but it teaches valuable collaboration skills.",B-
Kim,2.5,3.7,4.1,8,14,5,2,12,"Many guest speakers she invites are leaders in the field, showing her strong professional network.",C
Kim,2.9,3.2,3.9,6,16,3,4,9,"Her grading standards are high, but they push you to produce your best work.",B-
Kim,2.7,2.9,4,7,15,2,3,11,"The workload is heavy, but you'll learn a lot if you keep up with it.",C+
Kim,2.9,3.4,3.8,5,17,4,5,8,"Dr. Kim uses real-world examples in her lectures, which helps the concepts stick.",B-
Kim,2.5,2.6,4.1,8,14,1,2,12,"Group projects form a significant part of the grade, so be prepared to work with others often.",C
Kim,2.7,3.6,3.9,4,18,5,4,10,"Her research is frequently cited in the field, and it's exciting to learn from such an expert.",C+
Kim,2.3,3.2,4.2,9,13,3,1,13,"Don't expect an easy A, but expect to learn a lot from her rigorous grading.",C-
Kim,2.9,2.8,3.9,6,16,2,5,9,"There's a good amount of reading assigned each week, so stay on top of it.",B-
Kim,2.7,3.5,4,7,15,4,3,11,"Her lectures are always well-prepared and informative, making good use of class time.",C+
Kim,2.9,2.5,3.8,5,17,1,4,10,"The group assignments can be time-consuming, but they're great for applying what you've learned.",B-
Kim,2.5,3.7,4.1,8,14,5,2,12,Dr. Kim's connections in the industry have helped many students find internships.,C
Kim,2.9,3.2,3.9,6,16,3,4,9,Her feedback on assignments is thorough and helps you understand where you went wrong.,B-
Kim,2.7,2.9,4,7,15,2,3,11,Be ready for regular quizzes and assignments to keep you on track with the material.,C+
Kim,2.9,3.4,3.8,5,17,4,5,8,She has a knack for breaking down complex ideas into understandable chunks during lectures.,B-
Kim,2.5,2.6,4.1,8,14,1,2,12,Learning to navigate group dynamics is a key part of this course.,C
Kim,2.7,3.6,3.9,4,18,5,4,10,"Her textbook is widely used in other universities, showcasing her expertise in the field.",C+
Kim,2.3,3.2,4.2,9,13,3,1,13,"The grading curve is steep, but it ensures that hard work is rewarded.",C-
Kim,2.9,2.8,3.9,6,16,2,5,9,Expect to spend a significant amount of time on coursework outside of class.,B-
Kim,2.7,3.5,4,7,15,4,3,11,Her enthusiasm during lectures is contagious and makes you excited about the subject.,C+
Kim,2.9,2.5,3.8,5,17,1,4,10,"The group projects simulate real-world scenarios, providing valuable experience.",B-
Kim,2.5,3.7,4.1,8,14,5,2,12,"Dr. Kim often shares insights from her latest research, keeping the course content current.",C
Kim,4.2,2.8,3.5,6,16,3,4,9,"Her exams require deep understanding, not just memorization.",B-
Kim,4.1,2.6,3.6,7,15,2,3,11,The homework assignments are challenging but essential for grasping the material.,C+
Kim,4.3,3.1,3.4,5,17,4,5,8,She uses multimedia effectively in her lectures to illustrate complex concepts.,B-
Kim,3.8,2.3,3.7,8,14,1,2,12,"Group presentations are a regular feature, helping improve your public speaking skills.",C
Kim,3.9,3.3,3.8,4,18,5,4,10,Many of her former students have gone on to successful careers in the field.,C+
Kim,3.6,2.9,3.9,9,13,3,1,13,"While her grading is strict, it's always fair and consistent.",C-
Kim,4.3,2.5,3.5,6,16,2,5,9,"The course requires significant time commitment, but it's worth it for what you learn.",B-
Kim,3.9,3.2,3.6,7,15,4,3,11,Her lectures often include interactive elements that keep students engaged.,C+
Kim,4.3,2.2,3.4,5,17,1,4,10,The group work teaches you how to delegate tasks and work efficiently in a team.,B-
Kim,3.6,3.4,3.7,8,14,5,2,12,"She's frequently invited to speak at conferences, indicating her standing in the field.",C
Kim,4.2,2.8,3.5,6,16,3,4,9,Don't be surprised if your first few assignments come back with lots of red ink.,B-
Kim,4.1,2.6,3.6,7,15,2,3,11,The weekly problem sets are time-consuming but excellent preparation for exams.,C+
Kim,4.3,3.1,3.4,5,17,4,5,8,She has a talent for making even the most dry topics interesting in her lectures.,B-
Kim,3.8,2.3,3.7,8,14,1,2,12,Expect to do at least one major group project each semester.,C
Kim,3.9,3.3,3.8,4,18,5,4,10,Her office is filled with awards and recognitions from various professional organizations.,C+
Kim,3.6,2.9,3.9,9,13,3,1,13,Her tough grading practices ensure that you're well-prepared for higher-level courses.,C-
Kim,4.3,2.5,3.5,6,16,2,5,9,"The homework can be challenging, but it's designed to deepen your understanding.",B-
Kim,3.9,3.2,3.6,7,15,4,3,11,Her lectures are so engaging that the time flies by.,C+
Kim,4.3,2.2,3.4,5,17,1,4,10,"The group work can be challenging, but it's an important skill for your future career.",B-
Kim,3.6,3.4,3.7,8,14,5,2,12,Dr. Kim's research has been featured in several prominent scientific journals.,C
Mclean,2.1,4.2,3.7,5,17,3,4,10,"The course is challenging, but you'll come out of it a much stronger student.",C
Mclean,1.9,3.9,3.8,6,16,2,3,12,Working in groups teaches you valuable skills in leadership and collaboration.,C-
Mclean,2.2,4.5,3.6,4,18,4,5,9,He has a talent for making even the most complex topics understandable in his lectures.,C
Mclean,1.8,3.7,3.9,7,15,1,2,13,Don't be afraid to speak up in class; he values all contributions to the discussion.,D+
Mclean,2,4.7,4,3,19,5,4,11,His innovative approaches to problems in the field have gained widespread recognition.,C-
Mclean,1.7,4.3,4.1,8,14,3,1,14,"Dr. Mclean's lectures are captivating, blending information with real-world examples and just the right amount of humor.",D
Mclean,2.3,3.8,3.7,5,17,2,5,10,"Her grading is fair and consistent, with clear rubrics provided for all assignments.",C
Mclean,1.9,4.6,3.8,6,16,4,3,12,"Unlike many professors, Dr. Mclean focuses more on individual work rather than group projects.",C-
Mclean,2.4,3.6,3.6,4,18,1,4,11,"She has a knack for explaining complex ideas in a simple, easy-to-understand manner.",C
Mclean,1.8,4.8,3.9,7,15,5,2,13,"Dr. Mclean is highly respected in her field, often bringing in guest speakers who are industry leaders.",D+
Mclean,2.1,4.2,3.7,5,17,3,4,10,Her lectures are so engaging that the time seems to fly by.,C
Mclean,1.9,3.9,3.8,6,16,2,3,12,"You always know what to expect with her grading, as she's very transparent about her criteria.",C-
Mclean,2.2,4.5,3.6,4,18,4,5,9,"Most assignments are individual, allowing you to really showcase your own understanding.",C
Mclean,1.8,3.7,3.9,7,15,1,2,13,She breaks down difficult concepts into manageable parts during her lectures.,D+
Mclean,2,4.7,4,3,19,5,4,11,Her research is frequently cited in important publications in the field.,C-
Mclean,1.7,4.3,4.1,8,14,3,1,14,She uses multimedia effectively in her lectures to illustrate complex concepts.,D
Mclean,2.3,3.8,3.7,5,17,2,5,10,Her feedback on assignments is always constructive and helps you improve.,C
Mclean,1.9,4.6,3.8,6,16,4,3,12,"While there is some group work, it's not a major focus of the course.",C-
Mclean,2.4,3.6,3.6,4,18,1,4,11,"Her explanations are always logical and well-structured, making it easy to follow along.",C
Mclean,1.8,4.8,3.9,7,15,5,2,13,Dr. Mclean has won several teaching awards for her innovative approach to education.,D+
Mclean,2.1,4.2,3.7,5,17,3,4,10,Her enthusiasm during lectures is contagious and makes you excited about the subject.,C
Mclean,1.9,3.9,3.8,6,16,2,3,12,"She provides clear rubrics for all assignments, so you always know what's expected.",C-
Mclean,2.2,4.5,3.6,4,18,4,5,9,The focus on individual work allows you to really develop your own understanding of the material.,C
Mclean,1.8,3.7,3.9,7,15,1,2,13,She often uses analogies to help students grasp difficult concepts.,D+
Mclean,2,4.7,4,3,19,5,4,11,Many of her former students have gone on to successful careers in the field.,C-
Mclean,1.7,4.3,4.1,8,14,3,1,14,Her lectures often include interactive elements that keep students engaged.,D
Mclean,2.3,3.8,3.7,5,17,2,5,10,"Her grading is tough but fair, and she always explains her reasoning.",C
Mclean,1.9,4.6,3.8,6,16,4,3,12,"Group work is minimal, which is great if you prefer working independently.",C-
Mclean,2.4,3.6,3.6,4,18,1,4,11,She's always patient when explaining topics and willing to approach them from different angles.,C
Mclean,1.8,4.8,3.9,7,15,5,2,13,Dr. Mclean is frequently invited to speak at conferences in her field.,D+
Mclean,2.2,4.4,3.9,5,17,3,4,10,She has a talent for making even the most dry topics interesting in her lectures.,C
Mclean,2,4.1,4,6,16,2,3,12,You can always count on timely and helpful feedback on your assignments.,C-
Mclean,2.3,4.6,3.8,4,18,4,5,9,"The coursework is primarily individual, with only occasional group activities.",C
Mclean,1.8,3.8,4.1,7,15,1,2,13,"Her lecture notes are comprehensive and well-organized, making review much easier.",D+
Mclean,2.1,4.8,3.9,3,19,5,4,11,"She often incorporates cutting-edge research into her teaching, keeping the content current.",C-
Mclean,1.7,4.4,4.2,8,14,3,1,14,"Her lectures are well-paced, allowing time for questions and discussion.",D
Mclean,2.4,3.9,3.9,5,17,2,5,10,She's very clear about her expectations for each assignment.,C
Mclean,2,4.7,4,6,16,4,3,12,"If you prefer working alone, you'll appreciate the focus on individual assignments.",C-
Mclean,2.5,3.7,3.8,4,18,1,4,11,Complex theories become much more accessible through her clear explanations.,C
Mclean,1.8,4.9,4.1,7,15,5,2,13,"Her textbook is widely used in other universities, showcasing her expertise in the field.",D+
Mclean,2.2,4.5,4,5,17,3,4,10,She uses a good mix of theory and practical examples in her lectures.,C
Mclean,1.9,4.2,4.1,6,16,2,3,12,"Her grading system is very transparent, which helps reduce stress about assessments.",C-
Mclean,2.3,4.7,3.9,4,18,4,5,9,"While you might have to work in pairs occasionally, most work is done individually.",C
Mclean,1.8,3.9,4.2,7,15,1,2,13,She's great at anticipating areas of confusion and addressing them proactively in lectures.,D+
Mclean,2.1,4.9,4,3,19,5,4,11,Dr. Mclean's research has been featured in several prominent scientific journals.,C-
Mclean,1.7,4.5,4.3,8,14,3,1,14,Her lectures often spark interesting discussions that enhance understanding of the material.,D
Mclean,2.4,4.1,4,5,17,2,5,10,You'll always understand why you received a certain grade on an assignment.,C
Mclean,2,4.8,4.1,6,16,4,3,12,The lack of group projects allows you to work at your own pace.,C-
Mclean,2.5,3.8,3.9,4,18,1,4,11,She has a gift for making complex ideas seem simple and intuitive.,C
Mclean,1.8,5,4.2,7,15,5,2,13,Many of her ideas have been influential in shaping current thinking in the field.,D+